Exibicoes,Musicas,Artistas,Column 4,origin_pattern,origin_url,createdAt,updatedAt,pingedAt
,4 da Manhã,,,https://www.cifraclub.com.br/mais-acessadas/pop/,https://www.cifraclub.com.br/mais-acessadas/pop/,2019-11-26 18:13:01,2019-11-26 18:13:01,2019-11-26 18:13:01
,93 Million Miles,,,https://www.cifraclub.com.br/mais-acessadas/pop/,https://www.cifraclub.com.br/mais-acessadas/pop/,2019-11-26 18:13:01,2019-11-26 18:13:01,2019-11-26 18:13:01
15.972 exibições,"",Vitão,,https://www.cifraclub.com.br/mais-acessadas/pop/,https://www.cifraclub.com.br/mais-acessadas/pop/,2019-11-26 18:13:01,2019-11-26 18:13:01,2019-11-26 18:13:01
18.652 exibições,"",Lady Gaga,,https://www.cifraclub.com.br/mais-acessadas/pop/,https://www.cifraclub.com.br/mais-acessadas/pop/,2019-11-26 18:13:01,2019-11-26 18:13:01,2019-11-26 18:13:01
16.814 exibições,"",Shawn Mendes,,https://www.cifraclub.com.br/mais-acessadas/pop/,https://www.cifraclub.com.br/mais-acessadas/pop/,2019-11-26 18:13:01,2019-11-26 18:13:01,2019-11-26 18:13:01
142.765 exibições,"",Melim,"Cifra Club
O que você quer tocar hoje?
Buscar
Listas
Aprenda
Enviar cifra
Mais
página inicial ► top músicas e artistas
Mais acessados
Todos
Rock
Gospel/Religioso
Sertanejo
MPB
Pop
Todos os instrumentos Semanal
Meu Abrigo
Melim
Girassol
Whindersson Nunes
Ouvi Dizer
Melim
Dois Corações
Melim
Photograph
Ed Sheeran
Oi
Lagum
Menina Solta
Giulia Be
Perfect
Ed Sheeran
Shallow (feat. Bradley Cooper)
Lady Gaga
The Scientist
Coldplay
Era Uma Vez
Kell Smith
Gelo
Melim
Deixa (part. Ana Gabriela Leme)
Lagum
I'm Yours
Jason Mraz
When I Was Your Man
Bruno Mars
Amei Te Ver
Tiago Iorc
A Thousand Years
Christina Perri
Someone You Loved
Lewis Capaldi
Coisa Linda
Tiago Iorc
Idontwannabeyouanymore
Billie Eilish
Apenas Mais Uma de Amor
Lulu Santos
Thinking Out Loud
Ed Sheeran
Señorita (feat. Camila Cabello)
Shawn Mendes
Tempos Modernos
Lulu Santos
Yellow
Coldplay
Tão Linda
Whindersson Nunes
Shape Of You
Ed Sheeran
Meu Talismã
IZA
Complicado (part. Anitta)
Vitão
Talking To The Moon
Bruno Mars
Café
Vitão
Lovely (feat. Khalid)
Billie Eilish
Velha Infâcia
Melim
Just The Way You Are
Bruno Mars
Bad Guy
Billie Eilish
Love Yourself
Justin Bieber
Caderninho
Vitão
Tangerina
Tiago Iorc
Peça Felicidade
Melim
When The Party's Over
Billie Eilish
4 da Manhã
Um44k
A Gente Nunca Conversou
Lagum
Dona de Mim
IZA
Can't Take My Eyes Off You
Joseph Vincent
Viva La Vida
Coldplay
Fix You
Coldplay
Toda Forma de Amor
Lulu Santos
93 Million Miles
Jason Mraz
Give Me Love
Ed Sheeran
Never Be Alone
Shawn Mendes
Um Certo Alguém
Lulu Santos
Billie Jean
Michael Jackson
Halo
Beyoncé
Some Que Ele Vem Atrás (part. Marília Mendonça)
Anitta
Jura Juradinho
Carol & Vitoria
Always Remember Us This Way
Lady Gaga
Solução
Um44k
Quando Você Passa (Turu Turu)
Sandy & Junior
Lei da Vida
Sabrina Lopes
Paradise
Coldplay
Embrasa (part. Luccas Carlos)
Vitão
A Lenda
Sandy & Junior
I Wish You Were Gay
Billie Eilish
Girls Like You
Maroon 5
Nossa Música
Um44k
Billionaire
Bruno Mars
Olhos Castanhos
Geovanna Jainy
Como Uma Onda
Lulu Santos
Stitches
Shawn Mendes
We Are The World
Michael Jackson
Dia Especial
Tiago Iorc
Hoje Lembrei do Teu Amor
Tiago Iorc
Legends
Now United
Não Vou Mentir
Lagum
Ocean Eyes
Billie Eilish
Havana
Camila Cabello
Memories
Maroon 5
Watermelon Sugar
Harry Styles
Hipnotizou
Melim
Lights Up
Harry Styles
She Will Be Loved
Maroon 5
Lose You To Love Me
Selena Gomez
Chandelier
Sia
Calma
Pedro Capó
Enquanto Me Beija
Jão
Bem Melhor
Lagum
everything i wanted
Billie Eilish
Nothin' On You
Bruno Mars
Bellyache
Billie Eilish
Ouvir Dizer
Melim
	
Melim
142.765 exibições
	
Whindersson Nunes
59.849 exibições
	
Ed Sheeran
52.592 exibições
	
Lagum
34.250 exibições
	
Coldplay
30.125 exibições
	
Billie Eilish
29.594 exibições
	
Tiago Iorc
29.178 exibições
	
Lulu Santos
23.705 exibições
	
Bruno Mars
23.058 exibições
	
Lady Gaga
18.652 exibições
	
Shawn Mendes
16.814 exibições
	
Vitão
15.972 exibições
	
Giulia Be
12.591 exibições
	
Sandy & Junior
12.330 exibições
	
Jason Mraz
12.199 exibições
	
Kell Smith
12.085 exibições
	
Um44k
11.507 exibições
	
Michael Jackson
11.277 exibições
	
Maroon 5
10.226 exibições
	
Jão
9.857 exibições
	
Justin Bieber
8.434 exibições
	
One Direction
7.944 exibições
	
IZA
7.885 exibições
	
Anitta
7.409 exibições
	
Taylor Swift
7.321 exibições
	
Now United
6.640 exibições
	
Lewis Capaldi
6.467 exibições
	
Christina Perri
6.408 exibições
	
Rihanna
6.326 exibições
	
Beyoncé
6.304 exibições
	
Harry Styles
6.270 exibições
	
Temas de TV
6.123 exibições
	
Reik
5.614 exibições
	
Hiosaki
5.434 exibições
	
Ariana Grande
4.899 exibições
	
Camila Cabello
4.859 exibições
	
Demi Lovato
4.782 exibições
	
Katy Perry
4.754 exibições
	
Jesse & Joy
4.634 exibições
	
RBD
3.766 exibições
	
No Te Va Gustar
3.721 exibições
	
Geovanna Jainy
3.705 exibições
	
Boyce Avenue
3.577 exibições
	
Miley Cyrus
3.571 exibições
	
Sia
3.531 exibições
Mostrar mais
Todos os artistas
A B C D E F G H I J K L M N O P Q R S T U V W X Y Z 0/9
Músicas
Top músicas e artistas
Novidades
Vídeos
Aprenda
Como tocar violão
Afinador
Dicionário de acordes
Participe
Crie sua conta grátis
Envie cifras
Peça cifras
Assine
Cifra Club Pro
Youtube Membros
Sobre o site
Aviso Legal
Contato
Anuncie no Cifra Club
Aplicativos
Aplicativos - App Store
Aplicativos - Google Play
Aplicativos - Microsoft Store
Siga-nos
Siga-nos:
Youtube
Siga-nos:
Facebook
Siga-nos:
Instagram
Siga-nos:
Twitter
Mais música em
Fórum Cifra Club
Forme Sua Banda
Letras
Palco MP3
Idiomas
Ver em
Português
Ver em
Español
Studio Sol

Feito com amor em Belo Horizonte
 © 1996 - 2019, 470 mil músicas, 35 milhões de pessoas cadastradas
 O maior site de ensino de música do Brasil

Parceiro: Terra Música
OK",https://www.cifraclub.com.br/mais-acessadas/pop/,https://www.cifraclub.com.br/mais-acessadas/pop/,2019-11-26 18:13:01,2019-11-26 18:13:01,2019-11-26 18:13:01
23.058 exibições,"",Bruno Mars,,https://www.cifraclub.com.br/mais-acessadas/pop/,https://www.cifraclub.com.br/mais-acessadas/pop/,2019-11-26 18:13:01,2019-11-26 18:13:01,2019-11-26 18:13:01
23.705 exibições,"",Lulu Santos,,https://www.cifraclub.com.br/mais-acessadas/pop/,https://www.cifraclub.com.br/mais-acessadas/pop/,2019-11-26 18:13:01,2019-11-26 18:13:01,2019-11-26 18:13:01
29.178 exibições,"",Tiago Iorc,,https://www.cifraclub.com.br/mais-acessadas/pop/,https://www.cifraclub.com.br/mais-acessadas/pop/,2019-11-26 18:13:01,2019-11-26 18:13:01,2019-11-26 18:13:01
29.594 exibições,"",Billie Eilish,,https://www.cifraclub.com.br/mais-acessadas/pop/,https://www.cifraclub.com.br/mais-acessadas/pop/,2019-11-26 18:13:01,2019-11-26 18:13:01,2019-11-26 18:13:01
30.125 exibições,"",Coldplay,,https://www.cifraclub.com.br/mais-acessadas/pop/,https://www.cifraclub.com.br/mais-acessadas/pop/,2019-11-26 18:13:01,2019-11-26 18:13:01,2019-11-26 18:13:01
34.250 exibições,"",Lagum,,https://www.cifraclub.com.br/mais-acessadas/pop/,https://www.cifraclub.com.br/mais-acessadas/pop/,2019-11-26 18:13:01,2019-11-26 18:13:01,2019-11-26 18:13:01
52.592 exibições,"",Ed Sheeran,,https://www.cifraclub.com.br/mais-acessadas/pop/,https://www.cifraclub.com.br/mais-acessadas/pop/,2019-11-26 18:13:01,2019-11-26 18:13:01,2019-11-26 18:13:01
59.849 exibições,"",Whindersson Nunes,,https://www.cifraclub.com.br/mais-acessadas/pop/,https://www.cifraclub.com.br/mais-acessadas/pop/,2019-11-26 18:13:01,2019-11-26 18:13:01,2019-11-26 18:13:01
,A Gente Nunca Conversou,,,https://www.cifraclub.com.br/mais-acessadas/pop/,https://www.cifraclub.com.br/mais-acessadas/pop/,2019-11-26 18:13:01,2019-11-26 18:13:01,2019-11-26 18:13:01
,A Lenda,,,https://www.cifraclub.com.br/mais-acessadas/pop/,https://www.cifraclub.com.br/mais-acessadas/pop/,2019-11-26 18:13:01,2019-11-26 18:13:01,2019-11-26 18:13:01
6.326 exibições,A Thousand Years,Rihanna,,https://www.cifraclub.com.br/mais-acessadas/pop/,https://www.cifraclub.com.br/mais-acessadas/pop/,2019-11-26 18:13:01,2019-11-26 18:13:01,2019-11-26 18:13:01
,Always Remember Us This Way,,,https://www.cifraclub.com.br/mais-acessadas/pop/,https://www.cifraclub.com.br/mais-acessadas/pop/,2019-11-26 18:13:01,2019-11-26 18:13:01,2019-11-26 18:13:01
5.614 exibições,Apenas Mais Uma de Amor,Reik,,https://www.cifraclub.com.br/mais-acessadas/pop/,https://www.cifraclub.com.br/mais-acessadas/pop/,2019-11-26 18:13:01,2019-11-26 18:13:01,2019-11-26 18:13:01
6.408 exibições,Amei Te Ver,Christina Perri,,https://www.cifraclub.com.br/mais-acessadas/pop/,https://www.cifraclub.com.br/mais-acessadas/pop/,2019-11-26 18:13:01,2019-11-26 18:13:01,2019-11-26 18:13:01
,Anitta,,,https://www.cifraclub.com.br/mais-acessadas/pop/,https://www.cifraclub.com.br/mais-acessadas/pop/,2019-11-26 18:13:01,2019-11-26 18:13:01,2019-11-26 18:13:01
,Ariana Grande,,,https://www.cifraclub.com.br/mais-acessadas/pop/,https://www.cifraclub.com.br/mais-acessadas/pop/,2019-11-26 18:13:01,2019-11-26 18:13:01,2019-11-26 18:13:01
,Bad Guy,,,https://www.cifraclub.com.br/mais-acessadas/pop/,https://www.cifraclub.com.br/mais-acessadas/pop/,2019-11-26 18:13:01,2019-11-26 18:13:01,2019-11-26 18:13:01
,Bellyache,,,https://www.cifraclub.com.br/mais-acessadas/pop/,https://www.cifraclub.com.br/mais-acessadas/pop/,2019-11-26 18:13:01,2019-11-26 18:13:01,2019-11-26 18:13:01
,Bem Melhor,,,https://www.cifraclub.com.br/mais-acessadas/pop/,https://www.cifraclub.com.br/mais-acessadas/pop/,2019-11-26 18:13:01,2019-11-26 18:13:01,2019-11-26 18:13:01
,Beyoncé,,,https://www.cifraclub.com.br/mais-acessadas/pop/,https://www.cifraclub.com.br/mais-acessadas/pop/,2019-11-26 18:13:01,2019-11-26 18:13:01,2019-11-26 18:13:01
,Billie Eilish,,,https://www.cifraclub.com.br/mais-acessadas/pop/,https://www.cifraclub.com.br/mais-acessadas/pop/,2019-11-26 18:13:01,2019-11-26 18:13:01,2019-11-26 18:13:01
,Billie Jean,,,https://www.cifraclub.com.br/mais-acessadas/pop/,https://www.cifraclub.com.br/mais-acessadas/pop/,2019-11-26 18:13:01,2019-11-26 18:13:01,2019-11-26 18:13:01
,Billionaire,,,https://www.cifraclub.com.br/mais-acessadas/pop/,https://www.cifraclub.com.br/mais-acessadas/pop/,2019-11-26 18:13:01,2019-11-26 18:13:01,2019-11-26 18:13:01
,Boyce Avenue,,,https://www.cifraclub.com.br/mais-acessadas/pop/,https://www.cifraclub.com.br/mais-acessadas/pop/,2019-11-26 18:13:01,2019-11-26 18:13:01,2019-11-26 18:13:01
,Bruno Mars,,,https://www.cifraclub.com.br/mais-acessadas/pop/,https://www.cifraclub.com.br/mais-acessadas/pop/,2019-11-26 18:13:01,2019-11-26 18:13:01,2019-11-26 18:13:01
,Caderninho,,,https://www.cifraclub.com.br/mais-acessadas/pop/,https://www.cifraclub.com.br/mais-acessadas/pop/,2019-11-26 18:13:01,2019-11-26 18:13:01,2019-11-26 18:13:01
3.577 exibições,Café,Boyce Avenue,,https://www.cifraclub.com.br/mais-acessadas/pop/,https://www.cifraclub.com.br/mais-acessadas/pop/,2019-11-26 18:13:01,2019-11-26 18:13:01,2019-11-26 18:13:01
,Calma,,,https://www.cifraclub.com.br/mais-acessadas/pop/,https://www.cifraclub.com.br/mais-acessadas/pop/,2019-11-26 18:13:01,2019-11-26 18:13:01,2019-11-26 18:13:01
,Camila Cabello,,,https://www.cifraclub.com.br/mais-acessadas/pop/,https://www.cifraclub.com.br/mais-acessadas/pop/,2019-11-26 18:13:01,2019-11-26 18:13:01,2019-11-26 18:13:01
,Can't Take My Eyes Off You,,,https://www.cifraclub.com.br/mais-acessadas/pop/,https://www.cifraclub.com.br/mais-acessadas/pop/,2019-11-26 18:13:01,2019-11-26 18:13:01,2019-11-26 18:13:01
,Chandelier,,,https://www.cifraclub.com.br/mais-acessadas/pop/,https://www.cifraclub.com.br/mais-acessadas/pop/,2019-11-26 18:13:01,2019-11-26 18:13:01,2019-11-26 18:13:01
,Christina Perri,,,https://www.cifraclub.com.br/mais-acessadas/pop/,https://www.cifraclub.com.br/mais-acessadas/pop/,2019-11-26 18:13:01,2019-11-26 18:13:01,2019-11-26 18:13:01
6.270 exibições,Coisa Linda,Harry Styles,,https://www.cifraclub.com.br/mais-acessadas/pop/,https://www.cifraclub.com.br/mais-acessadas/pop/,2019-11-26 18:13:01,2019-11-26 18:13:01,2019-11-26 18:13:01
,Coldplay,,,https://www.cifraclub.com.br/mais-acessadas/pop/,https://www.cifraclub.com.br/mais-acessadas/pop/,2019-11-26 18:13:01,2019-11-26 18:13:01,2019-11-26 18:13:01
,Como Uma Onda,,,https://www.cifraclub.com.br/mais-acessadas/pop/,https://www.cifraclub.com.br/mais-acessadas/pop/,2019-11-26 18:13:01,2019-11-26 18:13:01,2019-11-26 18:13:01
3.721 exibições,Complicado (part. Anitta),No Te Va Gustar,,https://www.cifraclub.com.br/mais-acessadas/pop/,https://www.cifraclub.com.br/mais-acessadas/pop/,2019-11-26 18:13:01,2019-11-26 18:13:01,2019-11-26 18:13:01
7.321 exibições,Deixa (part. Ana Gabriela Leme),Taylor Swift,,https://www.cifraclub.com.br/mais-acessadas/pop/,https://www.cifraclub.com.br/mais-acessadas/pop/,2019-11-26 18:13:01,2019-11-26 18:13:01,2019-11-26 18:13:01
,Demi Lovato,,,https://www.cifraclub.com.br/mais-acessadas/pop/,https://www.cifraclub.com.br/mais-acessadas/pop/,2019-11-26 18:13:01,2019-11-26 18:13:01,2019-11-26 18:13:01
,Dia Especial,,,https://www.cifraclub.com.br/mais-acessadas/pop/,https://www.cifraclub.com.br/mais-acessadas/pop/,2019-11-26 18:13:01,2019-11-26 18:13:01,2019-11-26 18:13:01
12.085 exibições,Dois Corações,Kell Smith,,https://www.cifraclub.com.br/mais-acessadas/pop/,https://www.cifraclub.com.br/mais-acessadas/pop/,2019-11-26 18:13:01,2019-11-26 18:13:01,2019-11-26 18:13:01
,Dona de Mim,,,https://www.cifraclub.com.br/mais-acessadas/pop/,https://www.cifraclub.com.br/mais-acessadas/pop/,2019-11-26 18:13:01,2019-11-26 18:13:01,2019-11-26 18:13:01
,Ed Sheeran,,,https://www.cifraclub.com.br/mais-acessadas/pop/,https://www.cifraclub.com.br/mais-acessadas/pop/,2019-11-26 18:13:01,2019-11-26 18:13:01,2019-11-26 18:13:01
,Embrasa (part. Luccas Carlos),,,https://www.cifraclub.com.br/mais-acessadas/pop/,https://www.cifraclub.com.br/mais-acessadas/pop/,2019-11-26 18:13:01,2019-11-26 18:13:01,2019-11-26 18:13:01
,Enquanto Me Beija,,,https://www.cifraclub.com.br/mais-acessadas/pop/,https://www.cifraclub.com.br/mais-acessadas/pop/,2019-11-26 18:13:01,2019-11-26 18:13:01,2019-11-26 18:13:01
7.885 exibições,Era Uma Vez,IZA,,https://www.cifraclub.com.br/mais-acessadas/pop/,https://www.cifraclub.com.br/mais-acessadas/pop/,2019-11-26 18:13:01,2019-11-26 18:13:01,2019-11-26 18:13:01
,Fix You,,,https://www.cifraclub.com.br/mais-acessadas/pop/,https://www.cifraclub.com.br/mais-acessadas/pop/,2019-11-26 18:13:01,2019-11-26 18:13:01,2019-11-26 18:13:01
12.330 exibições,Girassol,Sandy & Junior,,https://www.cifraclub.com.br/mais-acessadas/pop/,https://www.cifraclub.com.br/mais-acessadas/pop/,2019-11-26 18:13:01,2019-11-26 18:13:01,2019-11-26 18:13:01
7.409 exibições,Gelo,Anitta,,https://www.cifraclub.com.br/mais-acessadas/pop/,https://www.cifraclub.com.br/mais-acessadas/pop/,2019-11-26 18:13:01,2019-11-26 18:13:01,2019-11-26 18:13:01
,Geovanna Jainy,,,https://www.cifraclub.com.br/mais-acessadas/pop/,https://www.cifraclub.com.br/mais-acessadas/pop/,2019-11-26 18:13:01,2019-11-26 18:13:01,2019-11-26 18:13:01
,Girls Like You,,,https://www.cifraclub.com.br/mais-acessadas/pop/,https://www.cifraclub.com.br/mais-acessadas/pop/,2019-11-26 18:13:01,2019-11-26 18:13:01,2019-11-26 18:13:01
,Giulia Be,,,https://www.cifraclub.com.br/mais-acessadas/pop/,https://www.cifraclub.com.br/mais-acessadas/pop/,2019-11-26 18:13:01,2019-11-26 18:13:01,2019-11-26 18:13:01
,Give Me Love,,,https://www.cifraclub.com.br/mais-acessadas/pop/,https://www.cifraclub.com.br/mais-acessadas/pop/,2019-11-26 18:13:01,2019-11-26 18:13:01,2019-11-26 18:13:01
,Halo,,,https://www.cifraclub.com.br/mais-acessadas/pop/,https://www.cifraclub.com.br/mais-acessadas/pop/,2019-11-26 18:13:01,2019-11-26 18:13:01,2019-11-26 18:13:01
,Harry Styles,,,https://www.cifraclub.com.br/mais-acessadas/pop/,https://www.cifraclub.com.br/mais-acessadas/pop/,2019-11-26 18:13:01,2019-11-26 18:13:01,2019-11-26 18:13:01
,Havana,,,https://www.cifraclub.com.br/mais-acessadas/pop/,https://www.cifraclub.com.br/mais-acessadas/pop/,2019-11-26 18:13:01,2019-11-26 18:13:01,2019-11-26 18:13:01
,Hiosaki,,,https://www.cifraclub.com.br/mais-acessadas/pop/,https://www.cifraclub.com.br/mais-acessadas/pop/,2019-11-26 18:13:01,2019-11-26 18:13:01,2019-11-26 18:13:01
,Hipnotizou,,,https://www.cifraclub.com.br/mais-acessadas/pop/,https://www.cifraclub.com.br/mais-acessadas/pop/,2019-11-26 18:13:01,2019-11-26 18:13:01,2019-11-26 18:13:01
,Hoje Lembrei do Teu Amor,,,https://www.cifraclub.com.br/mais-acessadas/pop/,https://www.cifraclub.com.br/mais-acessadas/pop/,2019-11-26 18:13:01,2019-11-26 18:13:01,2019-11-26 18:13:01
,I Wish You Were Gay,,,https://www.cifraclub.com.br/mais-acessadas/pop/,https://www.cifraclub.com.br/mais-acessadas/pop/,2019-11-26 18:13:01,2019-11-26 18:13:01,2019-11-26 18:13:01
6.123 exibições,Idontwannabeyouanymore,Temas de TV,,https://www.cifraclub.com.br/mais-acessadas/pop/,https://www.cifraclub.com.br/mais-acessadas/pop/,2019-11-26 18:13:01,2019-11-26 18:13:01,2019-11-26 18:13:01
6.640 exibições,I'm Yours,Now United,,https://www.cifraclub.com.br/mais-acessadas/pop/,https://www.cifraclub.com.br/mais-acessadas/pop/,2019-11-26 18:13:01,2019-11-26 18:13:01,2019-11-26 18:13:01
,IZA,,,https://www.cifraclub.com.br/mais-acessadas/pop/,https://www.cifraclub.com.br/mais-acessadas/pop/,2019-11-26 18:13:01,2019-11-26 18:13:01,2019-11-26 18:13:01
,Jason Mraz,,,https://www.cifraclub.com.br/mais-acessadas/pop/,https://www.cifraclub.com.br/mais-acessadas/pop/,2019-11-26 18:13:01,2019-11-26 18:13:01,2019-11-26 18:13:01
,Jesse & Joy,,,https://www.cifraclub.com.br/mais-acessadas/pop/,https://www.cifraclub.com.br/mais-acessadas/pop/,2019-11-26 18:13:01,2019-11-26 18:13:01,2019-11-26 18:13:01
,Jura Juradinho,,,https://www.cifraclub.com.br/mais-acessadas/pop/,https://www.cifraclub.com.br/mais-acessadas/pop/,2019-11-26 18:13:01,2019-11-26 18:13:01,2019-11-26 18:13:01
,Just The Way You Are,,,https://www.cifraclub.com.br/mais-acessadas/pop/,https://www.cifraclub.com.br/mais-acessadas/pop/,2019-11-26 18:13:01,2019-11-26 18:13:01,2019-11-26 18:13:01
,Justin Bieber,,,https://www.cifraclub.com.br/mais-acessadas/pop/,https://www.cifraclub.com.br/mais-acessadas/pop/,2019-11-26 18:13:01,2019-11-26 18:13:01,2019-11-26 18:13:01
,Jão,,,https://www.cifraclub.com.br/mais-acessadas/pop/,https://www.cifraclub.com.br/mais-acessadas/pop/,2019-11-26 18:13:01,2019-11-26 18:13:01,2019-11-26 18:13:01
,Katy Perry,,,https://www.cifraclub.com.br/mais-acessadas/pop/,https://www.cifraclub.com.br/mais-acessadas/pop/,2019-11-26 18:13:01,2019-11-26 18:13:01,2019-11-26 18:13:01
,Kell Smith,,,https://www.cifraclub.com.br/mais-acessadas/pop/,https://www.cifraclub.com.br/mais-acessadas/pop/,2019-11-26 18:13:01,2019-11-26 18:13:01,2019-11-26 18:13:01
,Lady Gaga,,,https://www.cifraclub.com.br/mais-acessadas/pop/,https://www.cifraclub.com.br/mais-acessadas/pop/,2019-11-26 18:13:01,2019-11-26 18:13:01,2019-11-26 18:13:01
,Lagum,,,https://www.cifraclub.com.br/mais-acessadas/pop/,https://www.cifraclub.com.br/mais-acessadas/pop/,2019-11-26 18:13:01,2019-11-26 18:13:01,2019-11-26 18:13:01
,Legends,,,https://www.cifraclub.com.br/mais-acessadas/pop/,https://www.cifraclub.com.br/mais-acessadas/pop/,2019-11-26 18:13:01,2019-11-26 18:13:01,2019-11-26 18:13:01
,Lei da Vida,,,https://www.cifraclub.com.br/mais-acessadas/pop/,https://www.cifraclub.com.br/mais-acessadas/pop/,2019-11-26 18:13:01,2019-11-26 18:13:01,2019-11-26 18:13:01
,Lewis Capaldi,,,https://www.cifraclub.com.br/mais-acessadas/pop/,https://www.cifraclub.com.br/mais-acessadas/pop/,2019-11-26 18:13:01,2019-11-26 18:13:01,2019-11-26 18:13:01
,Lights Up,,,https://www.cifraclub.com.br/mais-acessadas/pop/,https://www.cifraclub.com.br/mais-acessadas/pop/,2019-11-26 18:13:01,2019-11-26 18:13:01,2019-11-26 18:13:01
,Lose You To Love Me,,,https://www.cifraclub.com.br/mais-acessadas/pop/,https://www.cifraclub.com.br/mais-acessadas/pop/,2019-11-26 18:13:01,2019-11-26 18:13:01,2019-11-26 18:13:01
,Love Yourself,,,https://www.cifraclub.com.br/mais-acessadas/pop/,https://www.cifraclub.com.br/mais-acessadas/pop/,2019-11-26 18:13:01,2019-11-26 18:13:01,2019-11-26 18:13:01
,Lulu Santos,,,https://www.cifraclub.com.br/mais-acessadas/pop/,https://www.cifraclub.com.br/mais-acessadas/pop/,2019-11-26 18:13:01,2019-11-26 18:13:01,2019-11-26 18:13:01
,Maroon 5,,,https://www.cifraclub.com.br/mais-acessadas/pop/,https://www.cifraclub.com.br/mais-acessadas/pop/,2019-11-26 18:13:01,2019-11-26 18:13:01,2019-11-26 18:13:01
,Melim,,,https://www.cifraclub.com.br/mais-acessadas/pop/,https://www.cifraclub.com.br/mais-acessadas/pop/,2019-11-26 18:13:01,2019-11-26 18:13:01,2019-11-26 18:13:01
,Memories,,,https://www.cifraclub.com.br/mais-acessadas/pop/,https://www.cifraclub.com.br/mais-acessadas/pop/,2019-11-26 18:13:01,2019-11-26 18:13:01,2019-11-26 18:13:01
10.226 exibições,Menina Solta,Maroon 5,,https://www.cifraclub.com.br/mais-acessadas/pop/,https://www.cifraclub.com.br/mais-acessadas/pop/,2019-11-26 18:13:01,2019-11-26 18:13:01,2019-11-26 18:13:01
,Michael Jackson,,,https://www.cifraclub.com.br/mais-acessadas/pop/,https://www.cifraclub.com.br/mais-acessadas/pop/,2019-11-26 18:13:01,2019-11-26 18:13:01,2019-11-26 18:13:01
,Miley Cyrus,,,https://www.cifraclub.com.br/mais-acessadas/pop/,https://www.cifraclub.com.br/mais-acessadas/pop/,2019-11-26 18:13:01,2019-11-26 18:13:01,2019-11-26 18:13:01
,Never Be Alone,,,https://www.cifraclub.com.br/mais-acessadas/pop/,https://www.cifraclub.com.br/mais-acessadas/pop/,2019-11-26 18:13:01,2019-11-26 18:13:01,2019-11-26 18:13:01
,No Te Va Gustar,,,https://www.cifraclub.com.br/mais-acessadas/pop/,https://www.cifraclub.com.br/mais-acessadas/pop/,2019-11-26 18:13:01,2019-11-26 18:13:01,2019-11-26 18:13:01
,Nossa Música,,,https://www.cifraclub.com.br/mais-acessadas/pop/,https://www.cifraclub.com.br/mais-acessadas/pop/,2019-11-26 18:13:01,2019-11-26 18:13:01,2019-11-26 18:13:01
,Nothin' On You,,,https://www.cifraclub.com.br/mais-acessadas/pop/,https://www.cifraclub.com.br/mais-acessadas/pop/,2019-11-26 18:13:01,2019-11-26 18:13:01,2019-11-26 18:13:01
,Now United,,,https://www.cifraclub.com.br/mais-acessadas/pop/,https://www.cifraclub.com.br/mais-acessadas/pop/,2019-11-26 18:13:01,2019-11-26 18:13:01,2019-11-26 18:13:01
,Não Vou Mentir,,,https://www.cifraclub.com.br/mais-acessadas/pop/,https://www.cifraclub.com.br/mais-acessadas/pop/,2019-11-26 18:13:01,2019-11-26 18:13:01,2019-11-26 18:13:01
,Ocean Eyes,,,https://www.cifraclub.com.br/mais-acessadas/pop/,https://www.cifraclub.com.br/mais-acessadas/pop/,2019-11-26 18:13:01,2019-11-26 18:13:01,2019-11-26 18:13:01
11.277 exibições,Oi,Michael Jackson,,https://www.cifraclub.com.br/mais-acessadas/pop/,https://www.cifraclub.com.br/mais-acessadas/pop/,2019-11-26 18:13:01,2019-11-26 18:13:01,2019-11-26 18:13:01
,Olhos Castanhos,,,https://www.cifraclub.com.br/mais-acessadas/pop/,https://www.cifraclub.com.br/mais-acessadas/pop/,2019-11-26 18:13:01,2019-11-26 18:13:01,2019-11-26 18:13:01
,One Direction,,,https://www.cifraclub.com.br/mais-acessadas/pop/,https://www.cifraclub.com.br/mais-acessadas/pop/,2019-11-26 18:13:01,2019-11-26 18:13:01,2019-11-26 18:13:01
12.199 exibições,Ouvi Dizer,Jason Mraz,,https://www.cifraclub.com.br/mais-acessadas/pop/,https://www.cifraclub.com.br/mais-acessadas/pop/,2019-11-26 18:13:01,2019-11-26 18:13:01,2019-11-26 18:13:01
12.591 exibições,Meu Abrigo,Giulia Be,,https://www.cifraclub.com.br/mais-acessadas/pop/,https://www.cifraclub.com.br/mais-acessadas/pop/,2019-11-26 18:13:01,2019-11-26 18:13:01,2019-11-26 18:13:01
3.571 exibições,Lovely (feat. Khalid),Miley Cyrus,,https://www.cifraclub.com.br/mais-acessadas/pop/,https://www.cifraclub.com.br/mais-acessadas/pop/,2019-11-26 18:13:01,2019-11-26 18:13:01,2019-11-26 18:13:01
3.766 exibições,Meu Talismã,RBD,,https://www.cifraclub.com.br/mais-acessadas/pop/,https://www.cifraclub.com.br/mais-acessadas/pop/,2019-11-26 18:13:01,2019-11-26 18:13:01,2019-11-26 18:13:01
,Ouvir Dizer,,,https://www.cifraclub.com.br/mais-acessadas/pop/,https://www.cifraclub.com.br/mais-acessadas/pop/,2019-11-26 18:13:01,2019-11-26 18:13:01,2019-11-26 18:13:01
,Paradise,,,https://www.cifraclub.com.br/mais-acessadas/pop/,https://www.cifraclub.com.br/mais-acessadas/pop/,2019-11-26 18:13:01,2019-11-26 18:13:01,2019-11-26 18:13:01
,Peça Felicidade,,,https://www.cifraclub.com.br/mais-acessadas/pop/,https://www.cifraclub.com.br/mais-acessadas/pop/,2019-11-26 18:13:01,2019-11-26 18:13:01,2019-11-26 18:13:01
11.507 exibições,Photograph,Um44k,,https://www.cifraclub.com.br/mais-acessadas/pop/,https://www.cifraclub.com.br/mais-acessadas/pop/,2019-11-26 18:13:01,2019-11-26 18:13:01,2019-11-26 18:13:01
,Quando Você Passa (Turu Turu),,,https://www.cifraclub.com.br/mais-acessadas/pop/,https://www.cifraclub.com.br/mais-acessadas/pop/,2019-11-26 18:13:01,2019-11-26 18:13:01,2019-11-26 18:13:01
,RBD,,,https://www.cifraclub.com.br/mais-acessadas/pop/,https://www.cifraclub.com.br/mais-acessadas/pop/,2019-11-26 18:13:01,2019-11-26 18:13:01,2019-11-26 18:13:01
,Reik,,,https://www.cifraclub.com.br/mais-acessadas/pop/,https://www.cifraclub.com.br/mais-acessadas/pop/,2019-11-26 18:13:01,2019-11-26 18:13:01,2019-11-26 18:13:01
,Rihanna,,,https://www.cifraclub.com.br/mais-acessadas/pop/,https://www.cifraclub.com.br/mais-acessadas/pop/,2019-11-26 18:13:01,2019-11-26 18:13:01,2019-11-26 18:13:01
,Sandy & Junior,,,https://www.cifraclub.com.br/mais-acessadas/pop/,https://www.cifraclub.com.br/mais-acessadas/pop/,2019-11-26 18:13:01,2019-11-26 18:13:01,2019-11-26 18:13:01
3.531 exibições,Velha Infâcia,Sia,,https://www.cifraclub.com.br/mais-acessadas/pop/,https://www.cifraclub.com.br/mais-acessadas/pop/,2019-11-26 18:13:01,2019-11-26 18:13:01,2019-11-26 18:13:01
3.705 exibições,Talking To The Moon,Geovanna Jainy,,https://www.cifraclub.com.br/mais-acessadas/pop/,https://www.cifraclub.com.br/mais-acessadas/pop/,2019-11-26 18:13:01,2019-11-26 18:13:01,2019-11-26 18:13:01
4.634 exibições,Shape Of You,Jesse & Joy,,https://www.cifraclub.com.br/mais-acessadas/pop/,https://www.cifraclub.com.br/mais-acessadas/pop/,2019-11-26 18:13:01,2019-11-26 18:13:01,2019-11-26 18:13:01
4.899 exibições,Señorita (feat. Camila Cabello),Ariana Grande,,https://www.cifraclub.com.br/mais-acessadas/pop/,https://www.cifraclub.com.br/mais-acessadas/pop/,2019-11-26 18:13:01,2019-11-26 18:13:01,2019-11-26 18:13:01
8.434 exibições,Shallow (feat. Bradley Cooper),Justin Bieber,,https://www.cifraclub.com.br/mais-acessadas/pop/,https://www.cifraclub.com.br/mais-acessadas/pop/,2019-11-26 18:13:01,2019-11-26 18:13:01,2019-11-26 18:13:01
9.857 exibições,Perfect,Jão,,https://www.cifraclub.com.br/mais-acessadas/pop/,https://www.cifraclub.com.br/mais-acessadas/pop/,2019-11-26 18:13:01,2019-11-26 18:13:01,2019-11-26 18:13:01
,Shawn Mendes,,,https://www.cifraclub.com.br/mais-acessadas/pop/,https://www.cifraclub.com.br/mais-acessadas/pop/,2019-11-26 18:13:01,2019-11-26 18:13:01,2019-11-26 18:13:01
,She Will Be Loved,,,https://www.cifraclub.com.br/mais-acessadas/pop/,https://www.cifraclub.com.br/mais-acessadas/pop/,2019-11-26 18:13:01,2019-11-26 18:13:01,2019-11-26 18:13:01
,Sia,,,https://www.cifraclub.com.br/mais-acessadas/pop/,https://www.cifraclub.com.br/mais-acessadas/pop/,2019-11-26 18:13:01,2019-11-26 18:13:01,2019-11-26 18:13:01
,Solução,,,https://www.cifraclub.com.br/mais-acessadas/pop/,https://www.cifraclub.com.br/mais-acessadas/pop/,2019-11-26 18:13:01,2019-11-26 18:13:01,2019-11-26 18:13:01
,Some Que Ele Vem Atrás (part. Marília Mendonça),,,https://www.cifraclub.com.br/mais-acessadas/pop/,https://www.cifraclub.com.br/mais-acessadas/pop/,2019-11-26 18:13:01,2019-11-26 18:13:01,2019-11-26 18:13:01
6.304 exibições,Someone You Loved,Beyoncé,,https://www.cifraclub.com.br/mais-acessadas/pop/,https://www.cifraclub.com.br/mais-acessadas/pop/,2019-11-26 18:13:01,2019-11-26 18:13:01,2019-11-26 18:13:01
,Stitches,,,https://www.cifraclub.com.br/mais-acessadas/pop/,https://www.cifraclub.com.br/mais-acessadas/pop/,2019-11-26 18:13:01,2019-11-26 18:13:01,2019-11-26 18:13:01
,Tangerina,,,https://www.cifraclub.com.br/mais-acessadas/pop/,https://www.cifraclub.com.br/mais-acessadas/pop/,2019-11-26 18:13:01,2019-11-26 18:13:01,2019-11-26 18:13:01
,Taylor Swift,,,https://www.cifraclub.com.br/mais-acessadas/pop/,https://www.cifraclub.com.br/mais-acessadas/pop/,2019-11-26 18:13:01,2019-11-26 18:13:01,2019-11-26 18:13:01
,Temas de TV,,,https://www.cifraclub.com.br/mais-acessadas/pop/,https://www.cifraclub.com.br/mais-acessadas/pop/,2019-11-26 18:13:01,2019-11-26 18:13:01,2019-11-26 18:13:01
4.859 exibições,Tempos Modernos,Camila Cabello,,https://www.cifraclub.com.br/mais-acessadas/pop/,https://www.cifraclub.com.br/mais-acessadas/pop/,2019-11-26 18:13:01,2019-11-26 18:13:01,2019-11-26 18:13:01
5.434 exibições,Thinking Out Loud,Hiosaki,,https://www.cifraclub.com.br/mais-acessadas/pop/,https://www.cifraclub.com.br/mais-acessadas/pop/,2019-11-26 18:13:01,2019-11-26 18:13:01,2019-11-26 18:13:01
7.944 exibições,The Scientist,One Direction,,https://www.cifraclub.com.br/mais-acessadas/pop/,https://www.cifraclub.com.br/mais-acessadas/pop/,2019-11-26 18:13:01,2019-11-26 18:13:01,2019-11-26 18:13:01
,Tiago Iorc,,,https://www.cifraclub.com.br/mais-acessadas/pop/,https://www.cifraclub.com.br/mais-acessadas/pop/,2019-11-26 18:13:01,2019-11-26 18:13:01,2019-11-26 18:13:01
,Toda Forma de Amor,,,https://www.cifraclub.com.br/mais-acessadas/pop/,https://www.cifraclub.com.br/mais-acessadas/pop/,2019-11-26 18:13:01,2019-11-26 18:13:01,2019-11-26 18:13:01
4.754 exibições,Tão Linda,Katy Perry,,https://www.cifraclub.com.br/mais-acessadas/pop/,https://www.cifraclub.com.br/mais-acessadas/pop/,2019-11-26 18:13:01,2019-11-26 18:13:01,2019-11-26 18:13:01
,Um Certo Alguém,,,https://www.cifraclub.com.br/mais-acessadas/pop/,https://www.cifraclub.com.br/mais-acessadas/pop/,2019-11-26 18:13:01,2019-11-26 18:13:01,2019-11-26 18:13:01
,Um44k,,,https://www.cifraclub.com.br/mais-acessadas/pop/,https://www.cifraclub.com.br/mais-acessadas/pop/,2019-11-26 18:13:01,2019-11-26 18:13:01,2019-11-26 18:13:01
,Vitão,,,https://www.cifraclub.com.br/mais-acessadas/pop/,https://www.cifraclub.com.br/mais-acessadas/pop/,2019-11-26 18:13:01,2019-11-26 18:13:01,2019-11-26 18:13:01
,Viva La Vida,,,https://www.cifraclub.com.br/mais-acessadas/pop/,https://www.cifraclub.com.br/mais-acessadas/pop/,2019-11-26 18:13:01,2019-11-26 18:13:01,2019-11-26 18:13:01
,Watermelon Sugar,,,https://www.cifraclub.com.br/mais-acessadas/pop/,https://www.cifraclub.com.br/mais-acessadas/pop/,2019-11-26 18:13:01,2019-11-26 18:13:01,2019-11-26 18:13:01
,We Are The World,,,https://www.cifraclub.com.br/mais-acessadas/pop/,https://www.cifraclub.com.br/mais-acessadas/pop/,2019-11-26 18:13:01,2019-11-26 18:13:01,2019-11-26 18:13:01
6.467 exibições,When I Was Your Man,Lewis Capaldi,,https://www.cifraclub.com.br/mais-acessadas/pop/,https://www.cifraclub.com.br/mais-acessadas/pop/,2019-11-26 18:13:01,2019-11-26 18:13:01,2019-11-26 18:13:01
,When The Party's Over,,,https://www.cifraclub.com.br/mais-acessadas/pop/,https://www.cifraclub.com.br/mais-acessadas/pop/,2019-11-26 18:13:01,2019-11-26 18:13:01,2019-11-26 18:13:01
,Whindersson Nunes,,,https://www.cifraclub.com.br/mais-acessadas/pop/,https://www.cifraclub.com.br/mais-acessadas/pop/,2019-11-26 18:13:01,2019-11-26 18:13:01,2019-11-26 18:13:01
4.782 exibições,Yellow,Demi Lovato,,https://www.cifraclub.com.br/mais-acessadas/pop/,https://www.cifraclub.com.br/mais-acessadas/pop/,2019-11-26 18:13:01,2019-11-26 18:13:01,2019-11-26 18:13:01
,everything i wanted,,,https://www.cifraclub.com.br/mais-acessadas/pop/,https://www.cifraclub.com.br/mais-acessadas/pop/,2019-11-26 18:13:01,2019-11-26 18:13:01,2019-11-26 18:13:01
